"category","subcategory","ID","Description","GeneRatio","BgRatio","RichFactor","FoldEnrichment","zScore","pvalue","p.adjust","qvalue","geneID","Count"
"Cellular Processes","Transport and catabolism","hsa04145","Phagosome","61/617","155/9377",0.393548387096774,5.98104250535892,16.5948322312735,1.32282998588963e-32,4.32565405385908e-30,3.03554670446251e-30,"1535/1520/2214/3123/3113/3122/3689/3115/929/3119/1514/4481/3109/533/3117/3107/3127/9296/2209/4973/3105/3106/8992/4360/60/64581/2213/4688/10376/8685/811/948/4689/9114/821/3111/526/5879/3133/3118/537/10952/7097/84790/4074/3920/23480/203068/11151/3916/81035/8417/3134/718/29927/523/51382/529/3685/3688/9902",61
"Cellular Processes","Transport and catabolism","hsa04142","Lysosome biogenesis","64/617","250/9377",0.256,3.89061912479741,12.2940840826148,4.00603987697503e-22,6.54987519885417e-20,4.59640364831872e-20,"7805/1508/1520/1075/1522/1514/1512/533/9296/5476/10577/5641/5660/54/967/1175/968/427/8992/6556/8673/3074/3988/5538/1777/4668/2760/51296/28956/2548/9114/8905/526/537/162/55004/23659/2720/4074/2517/3920/2799/950/2519/23312/3916/1173/389541/51699/1213/4126/84572/1211/2990/282991/9516/523/51382/529/55207/55737/79158/127829/3482",64
"Human Diseases","Neurodegenerative disease","hsa05020","Prion disease","65/617","275/9377",0.236363636363636,3.59219095329306,11.5788186029449,1.93667265575073e-20,2.1109731947683e-18,1.48138469808302e-18,"1535/714/712/713/514/5688/29796/4708/4688/10376/518/4689/3553/1349/5879/10476/5691/1340/4696/84790/5694/1329/292/203068/581/9377/4700/4709/515/27089/4694/5689/4707/10105/522/5713/1347/4706/4695/5690/509/4726/5685/7416/516/1537/7384/5880/5686/5714/7124/3309/4728/54539/5701/374291/5704/5707/10213/5684/55967/4711/5702/5708/5709",65
"Human Diseases","Neurodegenerative disease","hsa05012","Parkinson disease","60/617","268/9377",0.223880597014925,3.4024770797552,10.5898699642615,1.05307189165374e-17,8.6088627142693e-16,6.04130716790828e-16,"2771/514/5688/29796/4708/10376/518/1349/10476/5691/1340/4696/84790/5694/808/1329/292/203068/581/9377/4700/4709/515/9246/27089/4694/5689/4707/10105/522/5713/1347/4706/4695/5690/509/11315/4726/5685/7416/516/1537/7384/5686/5714/3309/4728/54539/5701/374291/5704/5707/10213/5684/55967/4711/5702/5708/5709/51465",60
"Metabolism","Energy metabolism","hsa00190","Oxidative phosphorylation","41/617","138/9377",0.297101449275362,4.5152678927959,11.0404001776137,5.03633277810774e-17,3.29376163688246e-15,2.31141167500523e-15,"533/9296/514/8992/29796/4708/518/9114/1349/526/10476/537/1340/4696/1329/9377/4700/4709/515/27089/4694/4707/522/1347/4706/4695/509/4726/521/10063/516/1537/7384/4728/54539/374291/523/51382/529/55967/4711",41
"Human Diseases","Immune disease","hsa05323","Rheumatoid arthritis","33/617","95/9377",0.347368421052632,5.27921180585174,11.12510534164,3.44838546001689e-16,1.8793700757092e-14,1.31885619348014e-14,"3123/3113/3122/3689/3115/3119/1514/3109/533/3117/3127/9296/942/54/6348/8992/3606/10673/3576/9114/3553/414062/3111/526/3118/537/7097/7040/2921/7124/523/51382/529",33
"Human Diseases","Infectious disease: bacterial","hsa05152","Tuberculosis","45/617","181/9377",0.248618784530387,3.77844139796019,10.0170623181789,2.51747239586679e-15,1.09749069905942e-13,7.70168911620648e-14,"2207/1520/2214/3123/3113/3122/3689/3115/929/3119/3109/533/3117/3127/972/2209/4360/387/3606/64581/2213/6850/4046/6772/9114/3553/3111/3459/3118/537/7096/7097/3460/7040/3920/808/637/11151/581/3916/3587/7132/718/7124/9902",45
"Human Diseases","Neurodegenerative disease","hsa05016","Huntington disease","61/617","308/9377",0.198051948051948,3.0099402218527,9.5187106805473,2.68499253592519e-15,1.09749069905942e-13,7.70168911620648e-14,"514/5688/1175/29796/4708/10376/518/1349/10476/5691/1340/4696/84790/5694/6507/1329/292/203068/581/9377/1173/4700/4709/515/1213/27089/4694/5689/4707/10105/522/5713/1347/1211/4706/4695/5690/509/4726/5685/7416/516/1537/7384/5434/5686/5714/4728/54539/5701/374291/5436/5704/5707/10213/5684/55967/4711/5702/5708/5709",61
"Human Diseases","Cardiovascular disease","hsa05415","Diabetic cardiomyopathy","48/617","205/9377",0.234146341463415,3.55849310194885,9.82943343916684,3.60605983283111e-15,1.31020173926197e-13,9.19439817025943e-14,"1535/514/2597/29796/4708/4688/518/948/4689/1349/5879/10476/1340/4696/7040/4318/1329/292/9377/4700/4709/515/27089/4694/4707/10105/522/1347/4706/7046/4695/5499/509/4726/1281/7416/516/1537/1277/7384/5880/4728/54539/374291/142/55967/4711/1278",48
"Genetic Information Processing","Folding, sorting and degradation","hsa04141","Protein processing in endoplasmic reticulum","43/617","174/9377",0.247126436781609,3.75576109838112,9.73757479494144,1.35344610745181e-14,4.42576877136744e-13,3.10580264657364e-13,"7184/6748/6185/5034/2923/811/10130/821/58505/6745/10952/10134/9978/23480/9601/581/6747/6184/23471/6238/1603/746/55741/10960/10956/6746/6396/55829/5611/30001/29927/3309/9709/10961/51009/6400/27248/7353/10483/56681/1650/64374/51465",43
"Human Diseases","Neurodegenerative disease","hsa05014","Amyotrophic lateral sclerosis","65/617","368/9377",0.176630434782609,2.68438182650976,8.74833673267266,9.74775543455202e-14,2.81814638884395e-12,1.97764658866242e-12,"5216/514/5688/29796/4708/60/10376/518/1349/5879/10476/5691/1340/4696/84790/400916/5694/7133/1329/637/203068/581/9377/4700/4709/515/27089/4694/5689/4707/522/5713/1347/4706/4695/834/5690/509/4726/5685/6396/7132/7416/516/1537/7384/5686/5714/7124/3309/4728/54539/5701/374291/4218/5704/5707/10213/5684/55967/4711/5702/847/5708/5709",65
"Organismal Systems","Immune system","hsa04612","Antigen processing and presentation","28/617","82/9377",0.341463414634146,5.18946910700874,10.1120812318511,1.03418216104365e-13,2.81814638884395e-12,1.97764658866242e-12,"1508/1520/3123/3113/3122/3115/3119/1514/3109/3117/3107/3127/972/5641/3105/3106/567/920/2923/811/821/5721/3111/3133/3118/3134/7124/3309",28
"Genetic Information Processing","Folding, sorting and degradation","hsa03050","Proteasome","21/617","46/9377",0.456521739130435,6.93809456697907,10.7142372535333,1.59835676776686e-13,4.02048202353665e-12,2.82139089370993e-12,"5688/51371/5721/5691/5694/5689/5713/5698/5690/5685/5686/5696/5714/5701/5704/5707/10213/5684/5702/5708/5709",21
"Human Diseases","Infectious disease: parasitic","hsa05140","Leishmaniasis","27/617","78/9377",0.346153846153846,5.2607530233138,10.0280124989233,1.96332265081634e-13,4.58576076297816e-12,3.21807772840573e-12,"1535/2214/3123/3113/3122/3689/3115/3119/3109/3117/3127/2209/4688/6772/4689/3553/3111/3459/3118/7097/3460/7040/3676/5777/718/7124/3688",27
"Human Diseases","Cancer: overview","hsa05208","Chemical carcinogenesis - reactive oxygen species","47/617","227/9377",0.20704845814978,3.14666676186464,8.68893086572307,9.25047028918681e-13,2.01660252304272e-11,1.41515966529314e-11,"1535/3162/9446/514/2885/10327/29796/4708/4688/518/1349/5879/10476/4259/1340/4696/1329/292/9377/4700/4709/515/27089/4694/4707/10105/522/1347/4706/4258/4695/509/4726/7416/516/1537/5770/2052/3091/7384/4728/54539/374291/55967/4711/847/2947",47
"Human Diseases","Infectious disease: viral","hsa05169","Epstein-Barr virus infection","43/617","205/9377",0.209756097560976,3.18781673716251,8.40533788371497,5.67093740782949e-12,1.15899783272515e-10,8.13331812438703e-11,"3123/3113/3122/3115/3119/3109/3117/3107/3127/3105/3106/567/4067/2923/811/6850/7431/6772/3111/5879/3133/3118/7097/960/5925/637/581/9636/4938/3454/5713/965/3134/958/5714/7124/5701/5704/5707/10213/5702/5708/5709",43
"Human Diseases","Immune disease","hsa05330","Allograft rejection","18/617","39/9377",0.461538461538462,7.0143373644184,9.98832080255162,7.10038047521704e-12,1.36577906787998e-10,9.58441451143848e-11,"3123/3113/3122/3115/3119/3109/3117/3107/3127/942/3105/3106/3111/3133/3118/3134/958/7124",18
"Human Diseases","Neurodegenerative disease","hsa05010","Alzheimer disease","62/617","388/9377",0.15979381443299,2.4285034002239,7.6267722779614,3.40543912847468e-11,6.18654775006233e-10,4.3414370175876e-10,"514/348/2597/5688/4035/29796/4708/10376/518/3553/1349/10476/5691/1340/4696/84790/5694/808/1329/292/637/203068/9377/4700/4709/515/27089/4694/5689/4707/10105/522/5713/1347/4706/4695/5690/509/4726/5685/7132/7416/516/1537/7384/5686/5714/7124/10313/4728/54539/5701/374291/5704/5707/10213/5684/55967/4711/5702/5708/5709",62
"Human Diseases","Endocrine and metabolic disease","hsa04940","Type I diabetes mellitus","18/617","44/9377",0.409090909090909,6.21725357300722,9.20570341207984,8.5800402216203e-11,1.47667008024728e-09,1.03625970543669e-09,"3123/3113/3122/3115/3119/3109/3117/3107/3127/942/3105/3106/3553/3111/3133/3118/3134/7124",18
"Human Diseases","Immune disease","hsa05332","Graft-versus-host disease","18/617","45/9377",0.4,6.07909238249595,9.06367516338716,1.34350972957967e-10,2.19663840786276e-09,1.54150063709667e-09,"3123/3113/3122/3115/3119/3109/3117/3107/3127/942/3105/3106/3553/3111/3133/3118/3134/7124",18
"Human Diseases","Cardiovascular disease","hsa05416","Viral myocarditis","22/617","70/9377",0.314285714285714,4.77642972910396,8.41637154108311,2.97407857743343e-10,4.63106521343205e-09,3.24987032521548e-09,"3123/3113/3122/3689/3115/3119/3109/3117/3107/3127/942/3105/3106/60/3111/5879/3133/3118/637/3134/958/5880",22
"Human Diseases","Infectious disease: viral","hsa05168","Herpes simplex virus 1 infection","37/617","180/9377",0.205555555555556,3.12397802989375,7.63594000885041,3.28954433845801e-10,4.88945908488987e-09,3.43119935781745e-09,"3123/3113/3122/3115/3119/3109/3117/3107/3127/972/3105/3106/567/29992/2923/811/6850/6772/3553/3111/3459/3133/3118/7097/3460/637/684/581/1978/4938/3454/5499/7132/3134/718/7124/8683",37
"Human Diseases","Neurodegenerative disease","hsa05022","Pathways of neurodegeneration - multiple diseases","67/617","480/9377",0.139583333333333,2.12134994597515,6.69328500751258,2.13258244658102e-09,3.03197591318258e-08,2.12770239521585e-08,"514/5688/29796/4708/10376/518/3553/1349/5879/10476/5691/1340/4696/84790/5694/7133/808/1329/292/637/203068/581/9377/4700/4709/515/9246/27089/4694/5689/4707/10105/522/5713/1347/4706/4695/5690/509/11315/4726/5685/7132/7416/516/1537/7384/5686/5714/7124/3309/4728/54539/5701/374291/4218/5704/5707/10213/5684/55967/4711/5702/847/5708/5709/51465",67
"Cellular Processes","Transport and catabolism","hsa04144","Endocytosis","43/617","250/9377",0.172,2.61400972447326,6.8645402269048,4.26094166806168e-09,5.80553302273405e-08,4.07405826156775e-08,"3107/10109/3105/3106/1175/10092/832/387/409/11031/10097/10096/6643/2350/3133/7852/10095/1173/51699/1213/8724/7456/58533/998/375/830/1211/7046/30011/829/116985/3134/64744/11267/51324/27131/10890/4218/23325/55737/3482/26286/9765",43
"Human Diseases","Endocrine and metabolic disease","hsa04932","Non-alcoholic fatty liver disease","32/617","157/9377",0.203821656050955,3.09762669171768,7.03415436334238,6.58228773292446e-09,8.6096323546652e-08,6.04184726643172e-08,"29796/4708/3576/3553/1349/5879/1340/4696/7040/1329/637/581/9377/4700/4709/27089/4694/998/4707/1347/4706/4695/4726/7132/1537/7384/7124/4728/54539/374291/55967/4711",32
"Organismal Systems","Development and regeneration","hsa04380","Osteoclast differentiation","30/617","142/9377",0.211267605633803,3.21078823019152,7.04485720080457,8.18713796483e-09,1.00602767671687e-07,7.05984334538157e-08,"1535/7305/2214/6688/54209/2209/1436/54/11006/2885/2213/4688/6850/126014/6772/4689/10288/3553/3459/5879/10859/140885/11025/3460/7040/3937/3454/7046/7132/7124",30
"Organismal Systems","Immune system","hsa04672","Intestinal immune network for IgA production","17/617","50/9377",0.34,5.16722852512156,7.84080511104354,8.30665054169896e-09,1.00602767671687e-07,7.05984334538157e-08,"3123/3113/3122/3115/3119/3109/3117/3127/942/10673/3111/3118/7040/7852/3676/958/4055",17
"Human Diseases","Infectious disease: bacterial","hsa05150","Staphylococcus aureus infection","24/617","99/9377",0.242424242424242,3.68429841363391,7.12558518252878,1.55525192910209e-08,1.81631207434423e-07,1.27460496445209e-07,"2214/3123/3113/3122/3689/3115/714/3119/712/3109/3117/713/3127/2209/728/719/2359/5724/2357/2213/3111/3118/6404/718",24
"Human Diseases","Immune disease","hsa05321","Inflammatory bowel disease","19/617","66/9377",0.287878787878788,4.37510436619027,7.30231123900041,2.48096795101398e-08,2.79750524131576e-07,1.96316157285316e-07,"3123/3113/3122/3115/3119/3109/3117/3127/3606/6772/3553/3111/3459/3118/7097/3460/7040/4094/7124",19
"Human Diseases","Immune disease","hsa05320","Autoimmune thyroid disease","17/617","54/9377",0.314814814814815,4.78447085659403,7.40156455370323,3.10171980485839e-08,3.38087458729564e-07,2.37254357003203e-07,"3123/3113/3122/3115/3119/3109/3117/3107/3127/942/3105/3106/3111/3133/3118/3134/958",17
"Environmental Information Processing","Signaling molecules and interaction","hsa04514","Cell adhesion molecule (CAM) interaction","31/617","160/9377",0.19375,2.94456037277148,6.58394140423885,3.96489651385541e-08,4.18232632267974e-07,2.93496584047701e-07,"3123/3113/3122/3689/3115/3119/3109/3117/3107/3127/942/3105/3106/5788/920/1462/5175/6614/3111/3133/3118/6404/64115/3676/4267/965/3134/958/6383/3685/3688",31
"Human Diseases","Immune disease","hsa05310","Asthma","13/617","32/9377",0.40625,6.17407820097245,7.7806817681626,4.14484474379796e-08,4.23551322256854e-07,2.97228998074986e-07,"2207/3123/3113/3122/3115/3119/3109/3117/3127/3111/3118/958/7124",13
"Organismal Systems","Environmental adaptation","hsa04714","Thermogenesis","39/617","235/9377",0.165957446808511,2.52217662678023,6.27159059171108,6.25313114452208e-08,6.1962844977537e-07,4.34826982298505e-07,"514/2885/29796/4708/60/518/1349/10476/1340/4696/11343/1329/9377/4700/4709/515/27089/4694/4707/522/1347/4706/4695/509/4726/521/10063/516/1537/7384/25915/388753/4728/54539/374291/55967/4711/28958/2182",39
"Human Diseases","Infectious disease: bacterial","hsa05110","Vibrio cholerae infection","16/617","51/9377",0.313725490196078,4.76791559411447,7.16040976672423,8.36830562913444e-08,8.04834100213812e-07,5.64795859799166e-07,"533/9296/8992/60/9114/526/537/10952/23480/9601/375/30001/29927/523/51382/529",16
"Organismal Systems","Immune system","hsa04640","Hematopoietic cell lineage","23/617","100/9377",0.23,3.49547811993517,6.65808471021664,8.88634930961975e-08,8.30238921213045e-07,5.82623804360032e-07,"3123/3113/3122/3115/929/3119/3109/3117/3127/2209/1436/920/951/948/3553/3111/3118/1438/960/290/3676/7124/3575",23
"Human Diseases","Infectious disease: bacterial","hsa05132","Salmonella infection","40/617","248/9377",0.161290322580645,2.45124692842579,6.14688203587566,9.43692320143032e-08,8.57187190796587e-07,6.01534870734447e-07,"929/10109/5216/2597/10092/5788/6281/23643/7184/302/60/387/3606/391/29108/10376/3576/10097/10096/3071/3553/5879/7097/84790/4074/10095/203068/581/998/375/5898/23191/834/7132/7124/5058/837/55207/2316/127829",40
"Human Diseases","Infectious disease: parasitic","hsa05145","Toxoplasmosis","24/617","112/9377",0.214285714285714,3.25665663347997,6.37604114395879,1.94900574492562e-07,1.7224996718667e-06,1.20877169955558e-06,"3123/3113/3122/3115/3119/3109/3117/3127/2771/23643/240/6772/3111/3459/3118/7097/3460/7040/3587/10105/7132/958/7124/3688",24
"Human Diseases","Infectious disease: bacterial","hsa05130","Pathogenic Escherichia coli infection","33/617","200/9377",0.165,2.50762560777958,5.71949211759121,7.53270327768163e-07,6.48208939947867e-06,4.54883466630082e-06,"10109/2597/10092/60/3059/387/3606/29108/10376/3576/10097/10096/3071/7009/3553/5879/84790/10095/203068/581/10972/7456/998/375/4644/23191/834/5777/7132/7124/5058/837/3688",33
"Human Diseases","Infectious disease: viral","hsa05164","Influenza A","30/617","173/9377",0.173410404624277,2.63544467449246,5.76195592342076,8.19991169630835e-07,6.87531057613547e-06,4.82477935167401e-06,"3123/3113/3122/3115/3119/3109/3117/3127/60/3606/29108/3576/6772/3553/3111/3459/3118/3460/292/637/581/4938/3454/4599/834/4600/7132/7416/5611/7124",30
"Human Diseases","Infectious disease: bacterial","hsa05135","Yersinia infection","26/617","138/9377",0.188405797101449,2.86334061494374,5.85219297179015,8.75574026934711e-07,7.15781767019126e-06,5.02302994399387e-06,"10109/2335/10092/2533/920/60/387/3606/391/29108/3576/10097/10096/3553/5879/7454/3937/10095/3676/7456/998/834/8935/5880/7124/3688",26
"Organismal Systems","Immune system","hsa04666","Fc gamma R-mediated phagocytosis","21/617","98/9377",0.214285714285714,3.25665663347997,5.95973928969108,1.13125320894116e-06,9.0224341298478e-06,6.33153272270021e-06,"2214/10109/2209/1072/10092/4082/5788/3055/4067/2213/6850/10097/10096/5879/7454/10095/998/7408/5880/3635/5058",21
"Human Diseases","Infectious disease: viral","hsa05166","Human T-cell leukemia virus 1 infection","35/617","224/9377",0.15625,2.37464546191248,5.52627266298454,1.30870680600938e-06,1.01892172753588e-05,7.15032791253248e-06,"3123/3113/3122/3689/3115/3119/6688/3109/3117/3107/3127/3105/3106/567/706/920/811/8829/821/3111/3133/3118/7094/7040/5925/51529/292/581/7046/7132/7416/3134/958/7124/4055",35
"Human Diseases","Infectious disease: bacterial","hsa05133","Pertussis","18/617","78/9377",0.230769230769231,3.5071686822092,5.90081582868863,2.13318032763321e-06,1.62220922589782e-05,1.13839243922654e-05,"3689/714/929/712/713/2771/1072/23643/387/29108/3576/3553/808/3394/834/718/7124/3688",18
"Human Diseases","Infectious disease: parasitic","hsa05144","Malaria","14/617","50/9377",0.28,4.25536466774716,6.12509723700309,2.52010934528856e-06,1.87289944524854e-05,1.31431540017441e-05,"3689/4035/3606/975/3576/5175/948/3553/7097/7040/2995/958/6383/7124",14
"Human Diseases","Cardiovascular disease","hsa05418","Fluid shear stress and atherosclerosis","25/617","142/9377",0.176056338028169,2.67565685849293,5.33961739275627,5.11186627944952e-06,3.71462282973332e-05,2.60675286297075e-05,"1535/1514/3162/9446/7184/60/387/4688/5175/3553/2950/5879/4259/4208/4318/808/7056/4258/7132/6612/5880/6383/7124/3685/2947",25
"Human Diseases","Infectious disease: bacterial","hsa05100","Bacterial invasion of epithelial cells","17/617","78/9377",0.217948717948718,3.31232597764202,5.44223842088477,9.31096396711333e-06,6.61888090705665e-05,4.64482870670642e-05,"10109/2335/10092/60/3059/387/391/10097/10096/5879/10095/1213/998/1211/3611/3688/55752",17
"Human Diseases","Infectious disease: bacterial","hsa05120","Epithelial cell signaling in Helicobacter pylori infection","16/617","71/9377",0.225352112676056,3.42484077887096,5.44289812322555,1.08352365242549e-05,7.53855817751352e-05,5.29021626492177e-05,"533/9296/8992/4067/3576/9114/526/5879/537/998/1445/2921/5058/523/51382/529",16
"Human Diseases","Cardiovascular disease","hsa05417","Lipid and atherosclerosis","32/617","216/9377",0.148148148148148,2.25151569722072,4.93845457539525,1.1673345125379e-05,7.95246636666442e-05,5.58067815204521e-05,"1535/929/4973/6348/23643/7184/4067/387/3606/4688/29108/3576/948/19/4689/3553/414062/5879/7097/4318/808/637/581/998/834/5906/7132/2921/958/30001/7124/3309",32
"Organismal Systems","Immune system","hsa04650","Natural killer cell mediated cytotoxicity","23/617","133/9377",0.172932330827068,2.62817903754524,5.01877053201162,1.64490237560818e-05,0.000109772056494669,7.70330221015218e-05,"7305/2207/2214/3689/3107/3105/3106/2885/10870/6850/3459/7462/5879/3133/3460/3937/637/962/3454/5777/5880/7124/5058",23
"Organismal Systems","Digestive system","hsa04979","Cholesterol metabolism","13/617","52/9377",0.25,3.79943273905997,5.37213128110633,2.22456542446643e-05,0.000145486578760104,0.000102095844743933,"341/10577/348/706/4035/3988/5360/4043/948/19/6646/7416/1593",13
"Cellular Processes","Transport and catabolism","hsa04148","Efferocytosis","25/617","157/9377",0.159235668789809,2.42002085290444,4.76187966044403,3.09083886561453e-05,0.000198177315501167,0.000139071800351696,"714/712/713/4035/3988/23166/84868/10461/811/240/5175/948/19/8754/5879/140885/23659/7040/6446/834/5777/682/3091/961/3685",25
"Human Diseases","Infectious disease: bacterial","hsa05134","Legionellosis","13/617","56/9377",0.232142857142857,3.52804468626997,5.03554909025135,5.18664575836869e-05,0.000326160223651262,0.00022888436747457,"3689/929/3606/29108/3576/3553/7097/375/834/2921/718/7124/56681",13
"Organismal Systems","Immune system","hsa04670","Leukocyte transendothelial migration","20/617","116/9377",0.172413793103448,2.62029844073101,4.66009097190376,6.0601781859542e-05,0.00037390155977491,0.000262387059491165,"1535/3689/2771/60/387/4688/5175/4689/5879/4318/7852/4478/3676/998/4267/7070/5906/7408/5880/3688",20
"Human Diseases","Infectious disease: viral","hsa05163","Human cytomegalovirus infection","31/617","227/9377",0.136563876651982,2.07546105569796,4.3530774909936,7.93082819840826e-05,0.000480255707570278,0.000337021549172125,"3107/2771/3105/3106/567/6348/2885/387/2923/811/3576/1230/3553/414062/5879/3133/59345/6351/7852/5925/808/637/9560/581/1978/3587/7132/3134/5880/7124/3685",31
"Metabolism","Metabolism of other amino acids","hsa00480","Glutathione metabolism","13/617","59/9377",0.220338983050847,3.34865258357828,4.80267016052198,9.25144192529372e-05,0.000550040274467463,0.000385993175064886,"9446/51056/2950/5226/4259/290/3417/2879/4258/6611/3418/6723/2947",13
"Human Diseases","Infectious disease: viral","hsa05170","Human immunodeficiency virus 1 infection","29/617","214/9377",0.135514018691589,2.05950559687363,4.16093208137055,0.000153603243379401,0.00088177105688571,0.000618786706586463,"3107/2771/25939/3105/3106/1072/567/920/2923/811/8905/5879/3133/59345/162/7097/9978/7852/7133/808/637/684/6923/581/7132/3134/5880/7124/5058",29
"Human Diseases","Immune disease","hsa05322","Systemic lupus erythematosus","22/617","143/9377",0.153846153846154,2.33811245480613,4.27922404220524,0.00015370321175072,0.00088177105688571,0.000618786706586463,"2214/3123/3113/3122/3115/714/3119/712/3109/3117/713/3127/2209/942/9555/3111/3118/94239/958/718/7124/55766",22
"Human Diseases","Infectious disease: viral","hsa05167","Kaposi sarcoma-associated herpesvirus infection","27/617","196/9377",0.137755102040816,2.0935649786657,4.10607581330852,0.000195725396615948,0.0011034862878175,0.000774376342328069,"3107/942/3105/3106/3055/4067/3576/6850/1230/6772/3459/5879/3133/59345/9976/5925/808/637/581/3454/64422/7132/2921/3134/57580/718/3091",27
"Organismal Systems","Immune system","hsa04659","Th17 cell differentiation","18/617","109/9377",0.165137614678899,2.50971703864512,4.20741277434886,0.000245551313569375,0.00136093694130823,0.000955043467584723,"3123/3113/3122/3115/3119/3109/3117/3127/920/6772/3553/3111/3459/3118/3460/7040/7046/3091",18
"Human Diseases","Infectious disease: bacterial","hsa05131","Shigellosis","32/617","253/9377",0.126482213438735,1.9222426505916,3.94650042170754,0.000261259016961161,0.00142386164243833,0.000999201152588298,"929/10109/5216/10092/60/3059/387/3606/29108/3576/10097/10096/3553/5879/3101/7094/9978/960/10095/581/998/375/834/7132/7416/718/7124/826/3611/837/3688/55752",32
"Human Diseases","Infectious disease: parasitic","hsa05142","Chagas disease","17/617","103/9377",0.16504854368932,2.50836336170949,4.08498409232332,0.000364707951145774,0.0019550737708962,0.00137198159361137,"714/712/713/2771/6348/811/3576/3553/414062/3459/7097/3460/7040/7046/7132/718/7124",17
"Human Diseases","Cancer: overview","hsa05205","Proteoglycans in cancer","27/617","204/9377",0.132352941176471,2.01146439126704,3.87622798973964,0.00037778513514226,0.00199251192244385,0.00139825398066235,"1514/2335/5329/967/2885/60/3059/387/5328/5879/7097/7040/960/4318/4478/998/5499/5777/1277/3091/6383/7124/5058/2316/3685/3688/1278",27
"Organismal Systems","Immune system","hsa04613","Neutrophil extracellular trap formation","26/617","195/9377",0.133333333333333,2.02636412749865,3.84369973977284,0.000429475770939306,0.00222918376344687,0.00156433948312061,"1535/2214/3689/2209/728/2359/2357/60/64581/4688/6850/9555/4689/27180/5879/6404/7097/292/10105/834/7416/94239/718/5880/837/55766",26
"Environmental Information Processing","Signal transduction","hsa04064","NF-kappa B signaling pathway","17/617","105/9377",0.161904761904762,2.46058501196265,3.99423953559232,0.000459989910174277,0.0023502609472967,0.00164930592792751,"929/23643/4067/10673/5328/3576/6850/597/3553/6351/9560/7132/2921/958/7124/142/4055",17
"Metabolism","Global and overview maps","hsa01200","Carbon metabolism","18/617","116/9377",0.155172413793103,2.35826859665791,3.90647492189787,0.000537499688507069,0.00270403689448941,0.00189756975051888,"2597/5230/4200/10993/5315/2023/7167/6888/5226/3101/3417/7086/83440/2203/3418/5211/25796/847",18
"Organismal Systems","Immune system","hsa04611","Platelet activation","19/617","126/9377",0.150793650793651,2.29172133467109,3.87399533128681,0.000549621898400043,0.00272312667843658,0.00191096609013093,"2207/2771/8673/4067/60/387/6916/6850/83706/54518/7094/3937/5499/5906/1281/7408/1277/3688/1278",19
"Organismal Systems","Immune system","hsa04610","Complement and coagulation cascades","15/617","88/9377",0.170454545454545,2.59052232208634,3.97828554214758,0.000560667421951694,0.00273639174594334,0.00192027490943392,"3689/714/712/713/5329/11326/728/719/5328/5265/2162/2/7056/10544/718",15
"Organismal Systems","Immune system","hsa04620","Toll-like receptor signaling pathway","17/617","109/9377",0.155963302752294,2.37028831427594,3.81884049159282,0.000716277797500087,0.00344445352621366,0.00241716036927274,"929/6696/942/6348/23643/3576/6772/3553/414062/5879/6351/7096/7097/9560/3454/958/7124",17
"Organismal Systems","Immune system","hsa04062","Chemokine signaling pathway","25/617","193/9377",0.129533678756477,1.96861799951294,3.60839922095512,0.000846289319654884,0.00401067547140793,0.00281450910274241,"2771/6348/58191/3055/2885/4067/387/409/3576/1230/6772/414062/5879/59345/6351/7454/7852/9560/1794/998/5906/2921/57580/5880/5058",25
"Organismal Systems","Immune system","hsa04658","Th1 and Th2 cell differentiation","15/617","93/9377",0.161290322580645,2.45124692842579,3.73262663045547,0.00101718868439075,0.0047517242827968,0.00333454335634863,"3123/3113/3122/3115/3119/3109/3117/3127/920/6772/3111/3459/3118/3460/4094",15
"Human Diseases","Neurodegenerative disease","hsa05017","Spinocerebellar ataxia","20/617","144/9377",0.138888888888889,2.11079596614443,3.56486797583679,0.00115281468264799,0.00530944227078722,0.00372592440055244,"5688/5691/5694/292/5689/10105/5713/5690/5685/7416/5686/5714/5701/5704/5707/10213/5684/5702/5708/5709",20
"Environmental Information Processing","Signaling molecules and interaction","hsa04517","IgSF CAM signaling","34/617","299/9377",0.11371237458194,1.72817007529149,3.3960389335615,0.00119525709056618,0.00542845928632142,0.00380944511320801,"3689/10109/942/8832/10092/2885/4067/60/387/10376/10097/4637/10096/8829/5879/23136/84790/3937/10095/203068/57823/8828/4478/3676/5376/998/962/1445/5777/5906/3635/5058/2037/3688",34
"Metabolism","Carbohydrate metabolism","hsa00010","Glycolysis / Gluconeogenesis","12/617","67/9377",0.17910447761194,2.72198166380416,3.75396666478933,0.00125378624801436,0.00561627538494104,0.00394124588416915,"2597/5230/10327/5315/2023/217/7167/3101/83440/2203/3939/5211",12
"Organismal Systems","Nervous system","hsa04721","Synaptic vesicle cycle","13/617","79/9377",0.164556962025316,2.50089243583694,3.55522975343991,0.00179322406866157,0.00788455235114623,0.00553301919378683,"533/9296/1175/8992/9114/526/6507/1173/1213/1211/523/51382/529",13
"Organismal Systems","Excretory system","hsa04966","Collecting duct acid secretion","7/617","28/9377",0.25,3.79943273905997,3.93700350448169,0.00180838356677666,0.00788455235114623,0.00553301919378683,"9296/8992/9114/526/523/51382/529",7
"Metabolism","Glycan biosynthesis and metabolism","hsa00513","Various types of N-glycan biosynthesis","9/617","44/9377",0.204545454545455,3.10862678650361,3.72061517265501,0.00193020228569312,0.0083049493081796,0.0058280346022313,"3074/6185/4245/58505/11320/6184/1603/746/1650",9
"Environmental Information Processing","Signaling molecules and interaction","hsa04061","Viral protein interaction with cytokine and cytokine receptor","15/617","100/9377",0.15,2.27965964343598,3.41420837881909,0.0021537691349705,0.00903374402137548,0.00633946948868454,"1436/6348/3606/3576/1230/414062/6351/7852/7133/9560/3587/7132/2921/7124/4055",15
"Environmental Information Processing","Signal transduction","hsa04066","HIF-1 signaling pathway","16/617","110/9377",0.145454545454545,2.21057904818034,3.38937204019488,0.00215483802344736,0.00903374402137548,0.00633946948868454,"3162/2597/5230/2023/7076/3459/3101/3460/9978/6923/1978/3939/3091/9470/5211/4055",16
"Organismal Systems","Immune system","hsa04662","B cell receptor signaling pathway","14/617","91/9377",0.153846153846154,2.33811245480613,3.40406855475803,0.00234806128749221,0.00971919039253104,0.00682048448598669,"11006/2885/4067/2213/975/6850/118788/10288/5879/10859/11025/5777/5880/3635",14
"Environmental Information Processing","Signaling molecules and interaction","hsa04518","Integrin signaling","20/617","154/9377",0.12987012987013,1.97373129301816,3.23342440269077,0.00261790197802641,0.010700674335183,0.00750924514749682,"3689/6696/2335/60/3987/83706/5879/64098/7094/7040/3676/998/718/1277/5880/3611/2316/3685/3688/1278",20
"Cellular Processes","Cell growth and death","hsa04217","Necroptosis","21/617","168/9377",0.125,1.89971636952998,3.12286603911103,0.00330433054601426,0.0133217923977203,0.00934862624401423,"2752/2512/2495/29108/9555/6772/3553/3459/3460/5478/292/637/581/3454/834/7132/7416/94239/7124/142/55766",21
"Metabolism","Global and overview maps","hsa01230","Biosynthesis of amino acids","12/617","75/9377",0.16,2.43163695299838,3.30350289795512,0.00337834944901433,0.0133217923977203,0.00934862624401423,"2752/2597/5230/10993/5315/2023/7167/6888/3417/7086/3418/5211",12
"Genetic Information Processing","Folding, sorting and degradation","hsa03060","Protein export","7/617","31/9377",0.225806451612903,3.4317456997961,3.59902980639177,0.00338137238229597,0.0133217923977203,0.00934862624401423,"60559/10952/23480/90701/29100/29927/3309",7
"Human Diseases","Infectious disease: viral","hsa05165","Human papillomavirus infection","35/617","333/9377",0.105105105105105,1.5973591095147,2.94561958751993,0.0038657085629211,0.0150486511913714,0.010560456976401,"6696/533/3107/2335/9296/3105/3106/8992/2885/5315/6772/9114/526/3133/537/10134/5925/581/1978/3676/9636/998/3454/4599/4600/7132/3134/1277/7124/523/51382/529/3685/3688/1278",35
"Organismal Systems","Immune system","hsa04664","Fc epsilon RI signaling pathway","11/617","69/9377",0.159420289855072,2.42282667418317,3.14809395035636,0.00506018559471516,0.0192621720960522,0.0135173137516156,"2207/241/2885/4067/6850/240/5879/3937/5880/7124/3635",11
"Metabolism","Glycan biosynthesis and metabolism","hsa00511","Other glycan degradation","5/617","18/9377",0.277777777777778,4.22159193228885,3.63070853545796,0.00506589235553666,0.0192621720960522,0.0135173137516156,"3074/2720/2517/2519/4126",5
"Human Diseases","Endocrine and metabolic disease","hsa04933","AGE-RAGE signaling pathway in diabetic complications","14/617","101/9377",0.138613861386139,2.10661617215206,2.96740386426983,0.00616124773834265,0.0231577932234258,0.0162510829638076,"2335/3576/6772/3553/5879/7040/581/7056/998/7046/1281/1277/7124/1278",14
"Human Diseases","Infectious disease: parasitic","hsa05146","Amoebiasis","14/617","103/9377",0.135922330097087,2.06571100376076,2.88618287071273,0.0073263517728915,0.0272240571560855,0.0191046015130424,"3689/929/2335/5052/3576/3553/7097/7040/5269/1281/2921/1277/7124/1278",14
"Cellular Processes","Cell motility","hsa04810","Regulation of actin cytoskeleton","25/617","232/9377",0.107758620689655,1.63768652545688,2.6101093722237,0.00996521906376595,0.0366137824028255,0.0256938823879477,"3689/10109/2335/5216/1072/7114/10092/60/387/10097/10096/3071/5879/7852/10095/4478/3676/998/23191/5499/10788/5880/5058/3685/3688",25
"Metabolism","Glycan biosynthesis and metabolism","hsa00510","N-Glycan biosynthesis","9/617","56/9377",0.160714285714286,2.44249247510998,2.87326474495664,0.0102216851841039,0.0371387895022442,0.0260623084226275,"6185/4245/58505/11320/6184/1603/746/6480/1650",9
"Organismal Systems","Circulatory system","hsa04260","Cardiac muscle contraction","12/617","87/9377",0.137931034482759,2.09623875258481,2.72619080158883,0.0112052218924334,0.0402649182288541,0.0282560829676169,"29796/7170/1349/6546/1340/483/1329/9377/27089/1347/1537/7384",12
"Environmental Information Processing","Signaling molecules and interaction","hsa04060","Cytokine-cytokine receptor interaction","30/617","298/9377",0.100671140939597,1.5299729150577,2.46741458336641,0.0128399795355826,0.0456377533492992,0.0320264935784556,"1436/6348/58191/920/3606/10673/3576/1230/3553/414062/5008/3459/1438/6351/3460/7040/7852/7133/9560/3557/3587/3454/7046/7132/2921/958/7124/3575/3597/4055",30
"Cellular Processes","Cellular community - eukaryotes","hsa04510","Focal adhesion","22/617","203/9377",0.108374384236453,1.64704473417378,2.47344516360499,0.0141363624821676,0.0493361148048044,0.0346218349507399,"6696/2335/2885/60/387/5879/64098/7094/3676/998/5499/5906/7408/1277/5880/7791/5058/3611/2316/3685/3688/1278",22
"Metabolism","Carbohydrate metabolism","hsa00030","Pentose phosphate pathway","6/617","31/9377",0.193548387096774,2.94149631411094,2.87345140738644,0.014182247069271,0.0493361148048044,0.0346218349507399,"6888/5226/7086/2203/5211/25796",6
